{
  "token_acc":0.9999332072,
  "ents_p":0.7710144928,
  "ents_r":0.7348066298,
  "ents_f":0.7524752475,
  "speed":26683.5584201755,
  "ents_per_type":{
    "DRUG":{
      "p":0.7710144928,
      "r":0.7348066298,
      "f":0.7524752475
    }
  }
}